Workbook

Sheet Sheet1
A1: District | B1: Location | C1: Longitude | D1: lattitude | E1: Year | F1: pH | G1: EC (µS/cm) | H1: CO3 (mg/L) | I1: HCO3 | J1: Cl (mg/L) | K1: F (mg/L) | L1: SO4 | M1: NO3 | N1: PO4 | O1: Total Hardness | P1: Ca (meq/L) | Q1: Mg (meq/L) | R1: Na (meq/L) | S1: K (mg/L) | T1: SAR | U1: RSC | V1: QSAR | W1: QRSC | X1: IWQI | Y1: 40 | AB1: 40
A2: Kolar | B2: Vadagere | C2: 78.0966 | D2: 13.0477 | E2: 2023 | F2: 7.3 | G2: 1350 | H2: 0 | I2: =150/268 -> 0.55970149 | J2: 113 | K2: 1.5 | L2: 12 | M2: 334 | N2: 0.1 | O2: 230 | P2: =$Y$1/56 -> 0.71428571 | Q2: =24/22 -> 1.0909091 | R2: =100/78 -> 1.2820513 | S2: 21 | T2: =R2/(SQRT(P2+Q2/2)) -> 1.1422598 | U2: =($H2+$I2)-($P2+$Q2) -> -1.2454933 | V2: =($T2/10)*100 -> 11.422598 | W2: 100 | X2: =(0.6*$V2+0.4*$W2)/0.6+0.4 -> 78.489265
A3: Kolar | B3: Torlakki | C3: 78.068 | D3: 12.92 | E3: 2023 | F3: 7.25 | G3: 1750 | H3: 0 | I3: =150/317 -> 0.47318612 | J3: 206 | K3: 1.7 | L3: 11 | M3: 334 | N3: 0.2 | O3: 460 | P3: =40/124 -> 0.32258065 | Q3: =24/36 -> 0.66666667 | R3: =100/184 -> 0.54347826 | S3: 19 | T3: =$R3/(SQRT($P3+$Q3/2)) -> 0.67105595 | U3: =($H3+$I3)-($P3+$Q3) -> -0.51606119 | V3: =($T3/10)*100 -> 6.7105595 | W3: 100 | X3: =(0.6*$V3+0.4*$W3)/0.6+0.4 -> 73.777226
A4: Kolar | B4: Badikunte A | C4: 78.12 | D4: 12.9 | E4: 2023 | F4: 7.41 | G4: 1970 | H4: 0 | I4: =150/329 -> 0.45592705 | J4: 188 | K4: 1.2 | L4: 17 | M4: 598 | N4: 0.1 | O4: 420 | P4: =40/128 -> 0.3125 | Q4: =24/24 -> 1 | R4: =100/168 -> 0.5952381 | S4: 135 | T4: =$R4/(SQRT($P4+$Q4/2)) -> 0.66035738 | U4: =($H4+$I4)-($P4+$Q4) -> -0.85657295 | V4: =($T4/10)*100 -> 6.6035738 | W4: 100 | X4: =(0.6*$V4+0.4*$W4)/0.6+0.4 -> 73.67024
A5: Kolar | B5: Budikote | C5: 78.12 | D5: 12.9 | E5: 2023 | F5: 6.92 | G5: 1640 | H5: 0 | I5: =150/317 -> 0.47318612 | J5: 191 | K5: 1.5 | L5: 14 | M5: 331 | N5: 0.1 | O5: 380 | P5: =40/104 -> 0.38461538 | Q5: =24/29 -> 0.82758621 | R5: =100/143 -> 0.6993007 | S5: 82 | T5: =$R5/(SQRT($P5+$Q5/2)) -> 0.78262081 | U5: =($H5+$I5)-($P5+$Q5) -> -0.73901547 | V5: =($T5/10)*100 -> 7.8262081 | W5: 100 | X5: =(0.6*$V5+0.4*$W5)/0.6+0.4 -> 74.892875
A6: Kolar | B6: Bhimaganapalli | C6: 78.168 | D6: 12.843 | E6: 2023 | F6: 7.48 | G6: 1140 | H6: 0 | I6: =150/220 -> 0.68181818 | J6: 78 | K6: 2.4 | L6: 16 | M6: 293 | N6: 0.2 | O6: 380 | P6: =40/72 -> 0.55555556 | Q6: =24/49 -> 0.48979592 | R6: =100/69 -> 1.4492754 | S6: 6 | T6: =$R6/(SQRT($P6+$Q6/2)) -> 1.61988 | U6: =($H6+$I6)-($P6+$Q6) -> -0.36353329 | V6: =($T6/10)*100 -> 16.1988 | W6: 100 | X6: =(0.6*$V6+0.4*$W6)/0.6+0.4 -> 83.265467
A7: Kolar | B7: Avani A | C7: 78.327 | D7: 13.1067 | E7: 2023 | F7: 6.53 | G7: 320 | H7: 0 | I7: =150/92 -> 1.6304348 | J7: 14 | K7: 0.66 | L7: 48 | M7: 1 | N7: 0.1 | O7: 115 | P7: =$Y$1/26 -> 1.5384615 | Q7: =24/12 -> 2 | R7: =100/20 -> 5 | S7: 4 | T7: =$R7/(SQRT($P7+$Q7/2)) -> 3.1382296 | U7: =($H7+$I7)-($P7+$Q7) -> -1.9080268 | V7: =($T7/10)*100 -> 31.382296 | W7: 100 | X7: =(0.6*$V7+0.4*$W7)/0.6+0.4 -> 98.448962
A8: Kolar | B8: Arabi Kotanuru | C8: 78.042 | D8: 13.1213 | E8: 2023 | F8: 6.53 | G8: 200 | H8: 0 | I8: =150/73 -> 2.0547945 | J8: 21 | K8: 0.92 | L8: 10 | M8: 1 | N8: 0.1 | O8: 55 | P8: =40/12 -> 3.3333333 | Q8: =24/6 -> 4 | R8: =100/18 -> 5.5555556 | S8: 2 | T8: =$R8/(SQRT($P8+$Q8/2)) -> 2.4056261 | U8: =($H8+$I8)-($P8+$Q8) -> -5.2785388 | V8: =($T8/10)*100 -> 24.056261 | W8: 100 | X8: =(0.6*$V8+0.4*$W8)/0.6+0.4 -> 91.122928
A9: Kolar | B9: Kurugal A | C9: 77.9877 | D9: 13.2042 | E9: 2023 | F9: 7.24 | G9: 2770 | H9: 0 | I9: =150/439 -> 0.34168565 | J9: 610 | K9: 0.89 | L9: 101 | M9: 47 | N9: 0.4 | O9: 900 | P9: =40/208 -> 0.19230769 | Q9: =24/92 -> 0.26086957 | R9: =100/192 -> 0.52083333 | S9: 8 | T9: =$R9/(SQRT($P9+$Q9/2)) -> 0.91679178 | U9: =($H9+$I9)-($P9+$Q9) -> -0.11149161 | V9: =($T9/10)*100 -> 9.1679178 | W9: 100 | X9: =(0.6*$V9+0.4*$W9)/0.6+0.4 -> 76.234584
A10: Kolar | B10: Angadonahali | C10: 78.3634 | D10: 13.0658 | E10: 2023 | F10: 7.3 | G10: 1170 | H10: 0 | I10: =150/458 -> 0.32751092 | J10: 121 | K10: 1.3 | L10: 12 | M10: 24 | N10: 0.1 | O10: 230 | P10: =40/52 -> 0.76923077 | Q10: =24/24 -> 1 | R10: =100/155 -> 0.64516129 | S10: 10 | T10: =$R10/(SQRT($P10+$Q10/2)) -> 0.57266153 | U10: =($H10+$I10)-($P10+$Q10) -> -1.4417199 | V10: =($T10/10)*100 -> 5.7266153 | W10: 100 | X10: =(0.6*$V10+0.4*$W10)/0.6+0.4 -> 72.793282
A11: Kolar | B11: Gadarajahalli | C11: 78.3 | D11: 12.9644 | E11: 2023 | F11: 7.55 | G11: 1680 | H11: 0 | I11: =150/378 -> 0.3968254 | J11: 184 | K11: 2.2 | L11: 13 | M11: 294 | N11: 0.2 | O11: 480 | P11: =40/132 -> 0.3030303 | Q11: =24/36 -> 0.66666667 | R11: =100/142 -> 0.70422535 | S11: 51 | T11: =$R11/(SQRT($P11+$Q11/2)) -> 0.8827932 | U11: =($H11+$I11)-($P11+$Q11) -> -0.57287157 | V11: =($T11/10)*100 -> 8.827932 | W11: 100 | X11: =(0.6*$V11+0.4*$W11)/0.6+0.4 -> 75.894599
D15: `

Sheet Sheet5
A1: District | B1: Location | C1: Longitude | D1: lattitude | F1: YEAR | G1: pH | H1: EC (µS/cm) | I1: CO3 (mg/L) | J1: HCO3 | K1: Cl (mg/L) | L1: F (mg/L) | M1: SO4 | N1: NO3 | O1: PO4 | P1: Total Hardness | Q1: Ca (meq/L) | R1: Mg (meq/L) | S1: Na (meq/L) | T1: K (mg/L) | U1: SAR | V1: RSC | W1: QSAR | X1: QRSC | Y1: IWQI
A2: Kolar | B2: Vadagere | C2: 78.0966 | D2: 13.0477 | F2: 2022 | G2: 8.5 | H2: 1285 | I2: 30 | J2: =150/165 -> 0.90909091 | K2: 238 | L2: 0.5 | M2: 60 | N2: 44 | O2: 0 | P2: 285 | Q2: =40/44 -> 0.90909091 | R2: =24/42 -> 0.57142857 | S2: =100/149 -> 0.67114094 | T2: 5 | U2: =S2/(SQRT(Q2+R2/2)) -> 0.61399549 | V2: =($H2+$I2)-($P2+$Q2) -> 1029.0909 | W2: =($T2/10)*100 -> 50 | X2: 100 | Y2: 74.34627
A3: Kolar | B3: Torlakki | C3: 78.068 | D3: 12.92 | F3: 2022 | G3: 8.3 | H3: 1053 | I3: 0 | J3: =150/122 -> 1.2295082 | K3: 165 | L3: 0.84 | M3: 55 | N3: 141 | O3: 0 | P3: 215 | Q3: =40/40 -> 1 | R3: =24/28 -> 0.85714286 | S3: =100/135 -> 0.74074074 | T3: 4 | U3: =S3/(SQRT(Q3+R3/2)) -> 0.61974817 | V3: =($H3+$I3)-($P3+$Q3) -> 837 | W3: =($T3/10)*100 -> 40 | X3: 100 | Y3: 71.53276
A4: Kolar | B4: Badikunte A | C4: 78.12 | D4: 12.9 | F4: 2022 | G4: 9.41 | H4: 2080 | I4: 69 | J4: =150/369 -> 0.40650407 | K4: 308 | L4: 1.02 | M4: 135 | N4: 73 | O4: 0 | P4: 345 | Q4: =40/80 -> 0.5 | R4: =24/35 -> 0.68571429 | S4: =100/336 -> 0.29761905 | T4: 47 | U4: =S4/(SQRT(Q4+R4/2)) -> 0.32417815 | V4: =($H4+$I4)-($P4+$Q4) -> 1803.5 | W4: =($T4/10)*100 -> 470 | X4: 100 | Y4: 72.52675
A5: Kolar | B5: Budikote | C5: 78.12 | D5: 12.9 | F5: 2022 | G5: 9.08 | H5: 1661 | I5: 78 | J5: =150/146 -> 1.0273973 | K5: 231 | L5: 1.23 | M5: 143 | N5: 44 | O5: 0 | P5: 275 | Q5: =40/60 -> 0.66666667 | R5: =24/30 -> 0.8 | S5: =100/210 -> 0.47619048 | T5: 9 | U5: =S5/(SQRT(Q5+R5/2)) -> 0.46106945 | V5: =($H5+$I5)-($P5+$Q5) -> 1463.3333 | W5: =($T5/10)*100 -> 90 | X5: 100 | Y5: 73.75438
A6: Kolar | B6: Bhimaganapalli | C6: 78.168 | D6: 12.843 | F6: 2022 | G6: 8.46 | H6: 602 | I6: 16 | J6: =150/92 -> 1.6304348 | K6: 38 | L6: 0.58 | M6: 22 | N6: 49 | O6: 0 | P6: 165 | Q6: =40/30 -> 1.3333333 | R6: =24/22 -> 1.0909091 | S6: =100/21 -> 4.7619048 | T6: 3 | U6: =S6/(SQRT(Q6+R6/2)) -> 3.4740961 | V6: =($H6+$I6)-($P6+$Q6) -> 451.66667 | W6: =($T6/10)*100 -> 30 | X6: 100 | Y6: 81.34708
A7: Kolar | B7: Avani A | C7: 78.327 | D7: 13.1067 | F7: 2022 | G7: 8.09 | H7: 269 | I7: 0 | J7: =150/85 -> 1.7647059 | K7: 25 | L7: 0.22 | M7: 20 | N7: 1 | O7: 0 | P7: 75 | Q7: =40/16 -> 2.5 | R7: =24/8 -> 3 | S7: =100/22 -> 4.5454545 | T7: 0 | U7: =S7/(SQRT(Q7+R7/2)) -> 2.2727273 | V7: =($H7+$I7)-($P7+$Q7) -> 191.5 | W7: =($T7/10)*100 -> 0 | X7: 100 | Y7: 88.65389
A8: Kolar | B8: Arabi Kotanuru | C8: 78.042 | D8: 13.1213 | F8: 2022 | G8: 8.39 | H8: 373 | I8: 15 | J8: =150/80 -> 1.875 | K8: 46 | L8: 0.75 | M8: 16 | N8: 15 | O8: 0 | P8: 115 | Q8: =40/22 -> 1.8181818 | R8: =24/15 -> 1.6 | S8: =100/29 -> 3.4482759 | T8: 0 | U8: =S8/(SQRT(Q8+R8/2)) -> 2.1310915 | V8: =($H8+$I8)-($P8+$Q8) -> 271.18182 | W8: =($T8/10)*100 -> 0 | X8: 100 | Y8: 87.5432
A9: Kolar | B9: Kurugal A | C9: 77.9877 | D9: 13.2042 | F9: 2022 | G9: 8.55 | H9: 1476 | I9: 51 | J9: =150/171 -> 0.87719298 | K9: 266 | L9: 0.43 | M9: 98 | N9: 17 | O9: 0 | P9: 295 | Q9: =40/52 -> 0.76923077 | R9: =24/40 -> 0.6 | S9: =100/125 -> 0.8 | T9: 26 | U9: =S9/(SQRT(Q9+R9/2)) -> 0.77366734 | V9: =($H9+$I9)-($P9+$Q9) -> 1231.2308 | W9: =($T9/10)*100 -> 260 | X9: 100 | Y9: 75.89422
A10: Kolar | B10: Angadonahali | C10: 78.3634 | D10: 13.0658 | F10: 2022 | G10: 9.27 | H10: 2430 | I10: 68 | J10: =150/283 -> 0.53003534 | K10: 355 | L10: 1.3 | M10: 152 | N10: 257 | O10: 0 | P10: 375 | Q10: =40/52 -> 0.76923077 | R10: =24/59 -> 0.40677966 | S10: =100/402 -> 0.24875622 | T10: 12 | U10: =S10/(SQRT(Q10+R10/2)) -> 0.25223318 | V10: =($H10+$I10)-($P10+$Q10) -> 2122.2308 | W10: =($T10/10)*100 -> 120 | X10: 100 | Y10: 70.64993
A11: Kolar | B11: Gadarajahalli | C11: 78.3 | D11: 12.9644 | F11: 2022 | G11: 8.45 | H11: 1211 | I11: 33 | J11: =150/189 -> 0.79365079 | K11: 183 | L11: 1.35 | M11: 117 | N11: 5 | O11: 0 | P11: 150 | Q11: =40/38 -> 1.0526316 | R11: =24/13 -> 1.8461538 | S11: =100/174 -> 0.57471264 | T11: 33 | U11: =S11/(SQRT(Q11+R11/2)) -> 0.40887383 | V11: =($H11+$I11)-($P11+$Q11) -> 1092.9474 | W11: =($T11/10)*100 -> 330 | X11: 100 | Y11: 73.75682

Sheet Sheet2
A1: District | B1: Location | C1: Longitude | D1: lattitude | E1: Year | F1: pH | G1: EC (µS/cm) | H1: CO3 (mg/L) | I1: HCO3 | J1: Cl (mg/L) | K1: F (mg/L) | L1: SO4 | M1: NO3 | N1: PO4 | O1: Total Hardness | P1: Ca (meq/L) | Q1: Mg (meq/L) | R1: Na (meq/L) | S1: K (mg/L) | T1: SAR | U1: RSC | V1: QSAR | W1: QRSC | X1: IWQI
A2: Kolar | B2: Budikote | C2: 12.9053 | D2: 78.1317 | E2: 2019 | F2: 8.5 | G2: 1285 | H2: 30 | I2: =150/165 -> 0.90909091 | J2: 238 | K2: 0.5 | L2: 60 | M2: 44 | N2: 0 | O2: 285 | P2: =40/44 -> 0.90909091 | Q2: =24/42 -> 0.57142857 | R2: =100/149 -> 0.67114094 | S2: 5 | T2: =R2/(SQRT(P2+Q2/2)) -> 0.61399549 | U2: =($H2+$I2)-($P2+$Q2) -> 29.428571 | V2: =($T2/10)*100 -> 6.1399549 | W2: 100 | X2: =(0.6*$V2+0.4*$W2)/0.6+0.4 -> 73.206622
A3: Kolar | B3: Budikunte | C3: 12.9058 | D3: 78.1297 | E3: 2019 | F3: 8.3 | G3: 1053 | H3: 0 | I3: =150/122 -> 1.2295082 | J3: 165 | K3: 0.84 | L3: 55 | M3: 141 | N3: 0 | O3: 215 | P3: =40/40 -> 1 | Q3: =24/28 -> 0.85714286 | R3: =100/135 -> 0.74074074 | S3: 4 | T3: =R3/(SQRT(P3+Q3/2)) -> 0.61974817 | U3: =($H3+$I3)-($P3+$Q3) -> -0.62763466 | V3: =($T3/10)*100 -> 6.1974817 | W3: 100 | X3: =(0.6*$V3+0.4*$W3)/0.6+0.4 -> 73.264148
A4: Kolar | B4: Chintamani A | C4: 13.4056 | D4: 78.0553 | E4: 2019 | F4: 9.41 | G4: 2080 | H4: 69 | I4: =150/369 -> 0.40650407 | J4: 308 | K4: 1.02 | L4: 135 | M4: 73 | N4: 0 | O4: 345 | P4: =40/80 -> 0.5 | Q4: =24/35 -> 0.68571429 | R4: =100/336 -> 0.29761905 | S4: 47 | T4: =R4/(SQRT(P4+Q4/2)) -> 0.32417815 | U4: =($H4+$I4)-($P4+$Q4) -> 68.22079 | V4: =($T4/10)*100 -> 3.2417815 | W4: 100 | X4: =(0.6*$V4+0.4*$W4)/0.6+0.4 -> 70.308448
A5: Kolar | B5: Gajahalli | C5: 13.3153 | D5: 78.0667 | E5: 2019 | F5: 9.08 | G5: 1661 | H5: 78 | I5: =150/146 -> 1.0273973 | J5: 231 | K5: 1.23 | L5: 143 | M5: 44 | N5: 0 | O5: 275 | P5: =40/60 -> 0.66666667 | Q5: =24/30 -> 0.8 | R5: =100/210 -> 0.47619048 | S5: 9 | T5: =R5/(SQRT(P5+Q5/2)) -> 0.46106945 | U5: =($H5+$I5)-($P5+$Q5) -> 77.560731 | V5: =($T5/10)*100 -> 4.6106945 | W5: 100 | X5: =(0.6*$V5+0.4*$W5)/0.6+0.4 -> 71.677361
A6: Kolar | B6: Upparpet | C6: 13.4 | D6: 77.9842 | E6: 2019 | F6: 8.46 | G6: 602 | H6: 16 | I6: =150/92 -> 1.6304348 | J6: 38 | K6: 0.58 | L6: 22 | M6: 49 | N6: 0 | O6: 165 | P6: =40/30 -> 1.3333333 | Q6: =24/22 -> 1.0909091 | R6: =100/21 -> 4.7619048 | S6: 3 | T6: =R6/(SQRT(P6+Q6/2)) -> 3.4740961 | U6: =($H6+$I6)-($P6+$Q6) -> 15.206192 | V6: =($T6/10)*100 -> 34.740961 | W6: 100 | X6: =(0.6*$V6+0.4*$W6)/0.6+0.4 -> 101.80763
A7: Kolar | B7: Arabi Kottanuru | C7: 13.1211 | D7: 78.0425 | E7: 2019 | F7: 8.09 | G7: 269 | H7: 0 | I7: =150/85 -> 1.7647059 | J7: 25 | K7: 0.22 | L7: 20 | M7: 1 | N7: 0 | O7: 75 | P7: =40/16 -> 2.5 | Q7: =24/8 -> 3 | R7: =100/22 -> 4.5454545 | S7: 0 | T7: =R7/(SQRT(P7+Q7/2)) -> 2.2727273 | U7: =($H7+$I7)-($P7+$Q7) -> -3.7352941 | V7: =($T7/10)*100 -> 22.727273 | W7: 100 | X7: =(0.6*$V7+0.4*$W7)/0.6+0.4 -> 89.793939
A8: Kolar | B8: Avani | C8: 13.1067 | D8: 78.3175 | E8: 2019 | F8: 8.39 | G8: 373 | H8: 15 | I8: =150/80 -> 1.875 | J8: 46 | K8: 0.75 | L8: 16 | M8: 15 | N8: 0 | O8: 115 | P8: =40/22 -> 1.8181818 | Q8: =24/15 -> 1.6 | R8: =100/29 -> 3.4482759 | S8: 0 | T8: =R8/(SQRT(P8+Q8/2)) -> 2.1310915 | U8: =($H8+$I8)-($P8+$Q8) -> 13.456818 | V8: =($T8/10)*100 -> 21.310915 | W8: 100 | X8: =(0.6*$V8+0.4*$W8)/0.6+0.4 -> 88.377582
A9: Kolar | B9: Kurugal A | C9: 13.1067 | D9: 78.3169 | E9: 2019 | F9: 8.55 | G9: 1476 | H9: 51 | I9: =150/171 -> 0.87719298 | J9: 266 | K9: 0.43 | L9: 98 | M9: 17 | N9: 0 | O9: 295 | P9: =40/52 -> 0.76923077 | Q9: =24/40 -> 0.6 | R9: =100/125 -> 0.8 | S9: 26 | T9: =R9/(SQRT(P9+Q9/2)) -> 0.77366734 | U9: =($H9+$I9)-($P9+$Q9) -> 50.507962 | V9: =($T9/10)*100 -> 7.7366734 | W9: 100 | X9: =(0.6*$V9+0.4*$W9)/0.6+0.4 -> 74.80334
A10: Kolar | B10: Vadagere | C10: 13.0475 | D10: 78.0964 | E10: 2019 | F10: 9.27 | G10: 2430 | H10: 68 | I10: =150/283 -> 0.53003534 | J10: 355 | K10: 1.3 | L10: 152 | M10: 257 | N10: 0 | O10: 375 | P10: =40/52 -> 0.76923077 | Q10: =24/59 -> 0.40677966 | R10: =100/402 -> 0.24875622 | S10: 12 | T10: =R10/(SQRT(P10+Q10/2)) -> 0.25223318 | U10: =($H10+$I10)-($P10+$Q10) -> 67.354025 | V10: =($T10/10)*100 -> 2.5223318 | W10: 100 | X10: =(0.6*$V10+0.4*$W10)/0.6+0.4 -> 69.588998
A11: Kolar | B11: Angondanahalli | C11: 13.07 | D11: 78.3508 | E11: 2019 | F11: 8.45 | G11: 1211 | H11: 33 | I11: =150/189 -> 0.79365079 | J11: 183 | K11: 1.35 | L11: 117 | M11: 5 | N11: 0 | O11: 150 | P11: =40/38 -> 1.0526316 | Q11: =24/13 -> 1.8461538 | R11: =100/174 -> 0.57471264 | S11: 33 | T11: =R11/(SQRT(P11+Q11/2)) -> 0.40887383 | U11: =($H11+$I11)-($P11+$Q11) -> 30.894865 | V11: =($T11/10)*100 -> 4.0887383 | W11: 100 | X11: =(0.6*$V11+0.4*$W11)/0.6+0.4 -> 71.155405

Sheet Sheet4
A1: District | B1: Location | C1: Longitude | D1: lattitude | E1: pH | F1: EC (µS/cm) | G1: CO3 (mg/L) | H1: HCO3 | I1: Cl (mg/L) | J1: F (mg/L) | K1: SO4 | L1: NO3 | M1: PO4 | N1: Total Hardness | O1: Ca (meq/L) | P1: Mg (meq/L) | Q1: Na (meq/L) | R1: K (mg/L) | S1: SAR | T1: RSC | U1: QSAR | V1: QRSC | W1: IWQI | X1: YEAR
A2: Kolar | B2: Vadagere | C2: 78.0966 | D2: 13.0477 | E2: 8.6 | F2: 2240 | G2: 117 | H2: =150/281 -> 0.53380783 | I2: 278 | J2: 112 | K2: 122 | L2: 320 | M2: 0 | N2: 80 | O2: =Sheet1!$Y$1/88 -> 0.45454545 | P2: =24/61 -> 0.39344262 | Q2: =100/264 -> 0.37878788 | R2: 11.466667 | S2: =Q2/(SQRT(O2+P2/2)) -> 0.46937139 | T2: =($H2+$I2)-($P2+$Q2) -> 277.76158 | U2: =($T2/10)*100 -> 2777.6158 | V2: 100 | W2: 70.77648 | X2: 2020
A3: Kolar | B3: Torlakki | C3: 78.068 | D3: 12.92 | E3: 7.9 | F3: 2550 | G3: 0 | H3: =150/470 -> 0.31914894 | I3: 387 | J3: 211 | K3: 54 | L3: 375 | M3: 0 | N3: 78 | O3: =40/96 -> 0.41666667 | P3: =24/80 -> 0.3 | Q3: =100/326 -> 0.30674847 | R3: 7.4060606 | S3: =$R3/(SQRT($P3+$Q3/2)) -> 10.999143 | T3: =($H3+$I3)-($P3+$Q3) -> 386.7124 | U3: =($T3/10)*100 -> 3867.124 | V3: 100 | W3: 70.27457 | X3: 2020
A4: Kolar | B4: Badikunte A | C4: 78.12 | D4: 12.9 | E4: 8.8 | F4: 2070 | G4: 126 | H4: =150/289 -> 0.51903114 | I4: 249 | J4: 112 | K4: 122 | L4: 180 | M4: 0 | N4: 320 | O4: =40/80 -> 0.5 | P4: =24/29 -> 0.82758621 | Q4: =100/251 -> 0.39840637 | R4: 3.3454545 | S4: =$R4/(SQRT($P4+$Q4/2)) -> 3.3015239 | T4: =($H4+$I4)-($P4+$Q4) -> 248.29304 | U4: =($T4/10)*100 -> 2482.9304 | V4: 100 | W4: 71.67988 | X4: 2020
A5: Kolar | B5: Budikote | C5: 78.12 | D5: 12.9 | E5: 7.9 | F5: 2440 | G5: 0 | H5: =150/488 -> 0.30737705 | I5: 387 | J5: 211 | K5: 54 | L5: 375 | M5: 0 | N5: 78 | O5: =40/78 -> 0.51282051 | P5: =24/44 -> 0.54545455 | Q5: =100/274 -> 0.3649635 | R5: 0.71515152 | S5: =$R5/(SQRT($P5+$Q5/2)) -> 0.83820718 | T5: =($H5+$I5)-($P5+$Q5) -> 386.39696 | U5: =($T5/10)*100 -> 3863.9696 | V5: 100 | W5: 71.7689 | X5: 2020
A6: Kolar | B6: Bhimaganapalli | C6: 78.168 | D6: 12.843 | E6: 7.7 | F6: 680 | G6: 0 | H6: =150/147 -> 1.0204082 | I6: 85 | J6: 62 | K6: 8 | L6: 280 | M6: 0 | N6: 135 | O6: =40/28 -> 1.4285714 | P6: =24/16 -> 1.5 | Q6: =100/6983 -> 0.014320493 | R6: 4.7757576 | S6: =$R6/(SQRT($P6+$Q6/2)) -> 3.8901161 | T6: =($H6+$I6)-($P6+$Q6) -> 84.506088 | U6: =($T6/10)*100 -> 845.06088 | V6: 100 | W6: 78.56341 | X6: 2020
A7: Kolar | B7: Avani A | C7: 78.327 | D7: 13.1067 | E7: 8.5 | F7: 519 | G7: 24 | H7: =150/146 -> 1.0273973 | I7: 43 | J7: 29 | K7: 0 | L7: 150 | M7: 0 | N7: 30 | O7: =Sheet1!$Y$1/30 -> 1.3333333 | P7: =24/18 -> 1.3333333 | Q7: =100/46 -> 2.173913 | R7: 8.8363636 | S7: =$R7/(SQRT($P7+$Q7/2)) -> 5.6798895 | T7: =($H7+$I7)-($P7+$Q7) -> 40.520151 | U7: =($T7/10)*100 -> 405.20151 | V7: 100 | W7: 77.94932 | X7: 2020
A8: Kolar | B8: Arabi Kotanuru | C8: 78.042 | D8: 13.1213 | E8: 8.3 | F8: 812 | G8: 0 | H8: =150/207 -> 0.72463768 | I8: 53 | J8: 133 | K8: 22 | L8: 145 | M8: 0 | N8: 32 | O8: =40/32 -> 1.25 | P8: =24/16 -> 1.5 | Q8: =100/65 -> 1.5384615 | R8: 12.89697 | S8: =$R8/(SQRT($P8+$Q8/2)) -> 8.5614702 | T8: =($H8+$I8)-($P8+$Q8) -> 50.686176 | U8: =($T8/10)*100 -> 506.86176 | V8: 100 | W8: 82.43855 | X8: 2020
A9: Kolar | B9: Kurugal A | C9: 77.9877 | D9: 13.2042 | E9: 8.5 | F9: 2290 | G9: 40 | H9: =150/384 -> 0.390625 | I9: 359 | J9: 211 | K9: 0 | L9: 460 | M9: 0 | N9: 93 | O9: =40/93 -> 0.43010753 | P9: =24/55 -> 0.43636364 | Q9: =100/245 -> 0.40816327 | R9: 16.957576 | S9: =$R9/(SQRT($P9+$Q9/2)) -> 21.1896 | T9: =($H9+$I9)-($P9+$Q9) -> 358.5461 | U9: =($T9/10)*100 -> 3585.461 | V9: 100 | W9: 72.13598 | X9: 2020
A10: Kolar | B10: Angadonahali | C10: 78.3634 | D10: 13.0658 | E10: 8.7 | F10: 1575 | G10: 54 | H10: =150/268 -> 0.55970149 | I10: 157 | J10: 81 | K10: 196 | L10: 325 | M10: 0 | N10: 50 | O10: =40/52 -> 0.76923077 | P10: =24/48 -> 0.5 | Q10: =100/267 -> 0.37453184 | R10: 21.018182 | S10: =$R10/(SQRT($P10+$Q10/2)) -> 25.353198 | T10: =($H10+$I10)-($P10+$Q10) -> 156.68517 | U10: =($T10/10)*100 -> 1566.8517 | V10: 100 | W10: 67.89563 | X10: 2020
A11: Kolar | B11: Gadarajahalli | C11: 78.3 | D11: 12.9644 | E11: 8.8 | F11: 1679 | G11: 62 | H11: =150/248 -> 0.60483871 | I11: 219 | J11: 108 | K11: 119 | L11: 254 | M11: 0 | N11: 290 | O11: =Sheet1!$Y$1/52 -> 0.76923077 | P11: =24/39 -> 0.61538462 | Q11: =100/123 -> 0.81300813 | R11: 17.553535 | S11: =$R11/(SQRT($P11+$Q11/2)) -> 17.364521 | T11: =($H11+$I11)-($P11+$Q11) -> 218.17645 | U11: =($T11/10)*100 -> 2181.7645 | V11: 100 | W11: 70.78943 | X11: 2020

Sheet Sheet3
A1: District | B1: Location | C1: Longitude | D1: lattitude | E1: Year | F1: pH | G1: EC (µS/cm) | H1: CO3 (mg/L) | I1: HCO3 | J1: Cl (mg/L) | K1: F (mg/L) | L1: SO4 | M1: NO3 | N1: PO4 | O1: Total Hardness | P1: Ca (meq/L) | Q1: Mg (meq/L) | R1: Na (meq/L) | S1: K (mg/L) | T1: SAR | U1: RSC | V1: QSAR | W1: QRSC | X1: IWQI
A2: KOLAR | B2: Budikote | C2: 78.13 | D2: 12.91 | E2: 2020 | F2: 8.6 | G2: 2240 | H2: 117 | I2: =150/281 -> 0.53380783 | J2: 278 | K2: 112 | L2: 122 | M2: 320 | N2: 0 | O2: 80 | P2: =Sheet1!$Y$1/88 -> 0.45454545 | Q2: =24/61 -> 0.39344262 | R2: =100/264 -> 0.37878788 | S2: 11.466667 | T2: =R2/(SQRT(P2+Q2/2)) -> 0.46937139 | U2: =($H2+$I2)-($P2+$Q2) -> 116.68582 | V2: =($T2/10)*100 -> 4.6937139 | W2: 100 | X2: =(0.6*$V2+0.4*$W2)/0.6+0.4 -> 71.760381
A3: KOLAR | B3: Budikunte | C3: 78.13 | D3: 12.91 | E3: 2020 | F3: 7.9 | G3: 2550 | H3: 0 | I3: =150/470 -> 0.31914894 | J3: 387 | K3: 211 | L3: 54 | M3: 375 | N3: 0 | O3: 78 | P3: =40/96 -> 0.41666667 | Q3: =24/80 -> 0.3 | R3: =100/326 -> 0.30674847 | S3: 7.4060606 | T3: =$R3/(SQRT($P3+$Q3/2)) -> 0.40749151 | U3: =($H3+$I3)-($P3+$Q3) -> -0.39751773 | V3: =($T3/10)*100 -> 4.0749151 | W3: 100 | X3: =(0.6*$V3+0.4*$W3)/0.6+0.4 -> 71.141582
A4: KOLAR | B4: Devarayasamudra | C4: 78.3 | D4: 13.12 | E4: 2020 | F4: 8.8 | G4: 2070 | H4: 126 | I4: =150/289 -> 0.51903114 | J4: 249 | K4: 112 | L4: 122 | M4: 180 | N4: 0 | O4: 320 | P4: =40/80 -> 0.5 | Q4: =24/29 -> 0.82758621 | R4: =100/251 -> 0.39840637 | S4: 3.3454545 | T4: =$R4/(SQRT($P4+$Q4/2)) -> 0.41677565 | U4: =($H4+$I4)-($P4+$Q4) -> 125.19144 | V4: =($T4/10)*100 -> 4.1677565 | W4: 100 | X4: =(0.6*$V4+0.4*$W4)/0.6+0.4 -> 71.234423
A5: KOLAR | B5: Gajahalli | C5: 78.07 | D5: 13.32 | E5: 2020 | F5: 7.9 | G5: 2440 | H5: 0 | I5: =150/488 -> 0.30737705 | J5: 387 | K5: 211 | L5: 54 | M5: 375 | N5: 0 | O5: 78 | P5: =40/78 -> 0.51282051 | Q5: =24/44 -> 0.54545455 | R5: =100/274 -> 0.3649635 | S5: 0.71515152 | T5: =$R5/(SQRT($P5+$Q5/2)) -> 0.41177799 | U5: =($H5+$I5)-($P5+$Q5) -> -0.75089801 | V5: =($T5/10)*100 -> 4.1177799 | W5: 100 | X5: =(0.6*$V5+0.4*$W5)/0.6+0.4 -> 71.184447
A6: KOLAR | B6: Gudibandei | C6: 77.68 | D6: 13.68 | E6: 2020 | F6: 7.7 | G6: 680 | H6: 0 | I6: =150/147 -> 1.0204082 | J6: 85 | K6: 62 | L6: 8 | M6: 280 | N6: 0 | O6: 135 | P6: =40/28 -> 1.4285714 | Q6: =24/16 -> 1.5 | R6: =100/6983 -> 0.014320493 | S6: 4.7757576 | T6: =$R6/(SQRT($P6+$Q6/2)) -> 0.009702241 | U6: =($H6+$I6)-($P6+$Q6) -> -1.9081633 | V6: =($T6/10)*100 -> 0.09702241 | W6: 100 | X6: =(0.6*$V6+0.4*$W6)/0.6+0.4 -> 67.163689
A7: KOLAR | B7: Arabi Kottanuru | C7: 78.04 | D7: 13.12 | E7: 2020 | F7: 8.5 | G7: 519 | H7: 24 | I7: =150/146 -> 1.0273973 | J7: 43 | K7: 29 | L7: 0 | M7: 150 | N7: 0 | O7: 30 | P7: =Sheet1!$Y$1/30 -> 1.3333333 | Q7: =24/18 -> 1.3333333 | R7: =100/46 -> 2.173913 | S7: 8.8363636 | T7: =$R7/(SQRT($P7+$Q7/2)) -> 1.5371887 | U7: =($H7+$I7)-($P7+$Q7) -> 22.360731 | V7: =($T7/10)*100 -> 15.371887 | W7: 100 | X7: =(0.6*$V7+0.4*$W7)/0.6+0.4 -> 82.438553
A8: KOLAR | B8: Avani | C8: 78.32 | D8: 13.11 | E8: 2020 | F8: 8.3 | G8: 812 | H8: 0 | I8: =150/207 -> 0.72463768 | J8: 53 | K8: 133 | L8: 22 | M8: 145 | N8: 0 | O8: 32 | P8: =40/32 -> 1.25 | Q8: =24/16 -> 1.5 | R8: =100/65 -> 1.5384615 | S8: 12.89697 | T8: =$R8/(SQRT($P8+$Q8/2)) -> 1.0878566 | U8: =($H8+$I8)-($P8+$Q8) -> -2.0253623 | V8: =($T8/10)*100 -> 10.878566 | W8: 100 | X8: =(0.6*$V8+0.4*$W8)/0.6+0.4 -> 77.945233
A9: KOLAR | B9: Kurugal A | C9: 78.32 | D9: 13.11 | E9: 2020 | F9: 8.5 | G9: 2290 | H9: 40 | I9: =150/384 -> 0.390625 | J9: 359 | K9: 211 | L9: 0 | M9: 460 | N9: 0 | O9: 93 | P9: =40/93 -> 0.43010753 | Q9: =24/55 -> 0.43636364 | R9: =100/245 -> 0.40816327 | S9: 16.957576 | T9: =$R9/(SQRT($P9+$Q9/2)) -> 0.50693173 | U9: =($H9+$I9)-($P9+$Q9) -> 39.524154 | V9: =($T9/10)*100 -> 5.0693173 | W9: 100 | X9: =(0.6*$V9+0.4*$W9)/0.6+0.4 -> 72.135984
A10: KOLAR | B10: Vadagere | C10: 78.1 | D10: 13.05 | E10: 2020 | F10: 8.7 | G10: 1575 | H10: 54 | I10: =150/268 -> 0.55970149 | J10: 157 | K10: 81 | L10: 196 | M10: 325 | N10: 0 | O10: 50 | P10: =40/52 -> 0.76923077 | Q10: =24/48 -> 0.5 | R10: =100/267 -> 0.37453184 | S10: 21.018182 | T10: =$R10/(SQRT($P10+$Q10/2)) -> 0.37098169 | U10: =($H10+$I10)-($P10+$Q10) -> 53.290471 | V10: =($T10/10)*100 -> 3.7098169 | W10: 100 | X10: =(0.6*$V10+0.4*$W10)/0.6+0.4 -> 70.776484
A11: KOLAR | B11: Kurudmale | C11: 78.37 | D11: 13.06 | E11: 2020 | F11: 8.8 | G11: 1679 | H11: 62 | I11: =150/248 -> 0.60483871 | J11: 219 | K11: 108 | L11: 119 | M11: 254 | N11: 0 | O11: 290 | P11: =Sheet1!$Y$1/52 -> 0.76923077 | Q11: =24/39 -> 0.61538462 | R11: =100/123 -> 0.81300813 | S11: 17.553535 | T11: =$R11/(SQRT($P11+$Q11/2)) -> 0.78343424 | U11: =($H11+$I11)-($P11+$Q11) -> 61.220223 | V11: =($T11/10)*100 -> 7.8343424 | W11: 100 | X11: =(0.6*$V11+0.4*$W11)/0.6+0.4 -> 74.901009
